[
  {"model": "league.club", "pk": 1, "fields": {"club_name": "Galatasaray SK", "foundation_year": 1905, "club_colours": "Yellow-Red", "coach_name": "Okan Buruk", "stadium_name": "RAMS Park"}},
  {"model": "league.club", "pk": 2, "fields": {"club_name": "FC Barcelona", "foundation_year": 1899, "club_colours": "Blue-Red", "coach_name": "Hansi Flick", "stadium_name": "Spotify Camp Nou"}},
  {"model": "league.club", "pk": 3, "fields": {"club_name": "Real Madrid CF", "foundation_year": 1902, "club_colours": "White", "coach_name": "Carlo Ancelotti", "stadium_name": "Santiago Bernabéu"}},
  {"model": "league.club", "pk": 4, "fields": {"club_name": "FC Bayern Munich", "foundation_year": 1900, "club_colours": "Red-White", "coach_name": "Vincent Kompany", "stadium_name": "Allianz Arena"}},
  {"model": "league.club", "pk": 5, "fields": {"club_name": "Borussia Dortmund", "foundation_year": 1909, "club_colours": "Yellow-Black", "coach_name": "Nuri Şahin", "stadium_name": "Signal Iduna Park"}},
  {"model": "league.club", "pk": 6, "fields": {"club_name": "Liverpool FC", "foundation_year": 1892, "club_colours": "Red", "coach_name": "Arne Slot", "stadium_name": "Anfield"}},
  {"model": "league.club", "pk": 7, "fields": {"club_name": "Manchester United FC", "foundation_year": 1878, "club_colours": "Red-White", "coach_name": "Ruben Amorim", "stadium_name": "Old Trafford"}},
  {"model": "league.club", "pk": 8, "fields": {"club_name": "Chelsea FC", "foundation_year": 1905, "club_colours": "Blue-White", "coach_name": "Enzo Maresca", "stadium_name": "Stamford Bridge"}},
  {"model": "league.club", "pk": 9, "fields": {"club_name": "Inter Milan", "foundation_year": 1908, "club_colours": "Blue-Black", "coach_name": "Simone Inzaghi", "stadium_name": "San Siro (Inter)"}},
  {"model": "league.club", "pk": 10, "fields": {"club_name": "AC Milan", "foundation_year": 1899, "club_colours": "Red-Black", "coach_name": "Paulo Fonseca", "stadium_name": "San Siro (Milan)"}},
  {"model": "league.club", "pk": 11, "fields": {"club_name": "SSC Napoli", "foundation_year": 1926, "club_colours": "Blue-White", "coach_name": "Antonio Conte", "stadium_name": "Diego Armando Maradona"}},
  {"model": "league.club", "pk": 12, "fields": {"club_name": "Paris Saint-Germain", "foundation_year": 1970, "club_colours": "Blue-Red", "coach_name": "Luis Enrique", "stadium_name": "Parc des Princes"}},
  {"model": "league.club", "pk": 13, "fields": {"club_name": "FC Porto", "foundation_year": 1893, "club_colours": "Blue-White", "coach_name": "Vítor Bruno", "stadium_name": "Estádio do Dragão"}},
  {"model": "league.club", "pk": 14, "fields": {"club_name": "PSV Eindhoven", "foundation_year": 1913, "club_colours": "Red-White", "coach_name": "Peter Bosz", "stadium_name": "Philips Stadion"}},

  {"model": "league.clubseasonstat", "pk": 1, "fields": {"club": 1, "matches_played": 26, "wins": 22, "draws": 3, "losses": 1, "goals_scored": 78, "goals_against": 20, "goal_difference": 58, "points": 69}},
  {"model": "league.clubseasonstat", "pk": 2, "fields": {"club": 3, "matches_played": 26, "wins": 20, "draws": 4, "losses": 2, "goals_scored": 70, "goals_against": 25, "goal_difference": 45, "points": 64}},
  {"model": "league.clubseasonstat", "pk": 3, "fields": {"club": 2, "matches_played": 26, "wins": 19, "draws": 3, "losses": 4, "goals_scored": 68, "goals_against": 30, "goal_difference": 38, "points": 60}},
  {"model": "league.clubseasonstat", "pk": 4, "fields": {"club": 6, "matches_played": 26, "wins": 18, "draws": 4, "losses": 4, "goals_scored": 60, "goals_against": 28, "goal_difference": 32, "points": 58}},
  {"model": "league.clubseasonstat", "pk": 5, "fields": {"club": 4, "matches_played": 26, "wins": 17, "draws": 5, "losses": 4, "goals_scored": 65, "goals_against": 35, "goal_difference": 30, "points": 56}},
  {"model": "league.clubseasonstat", "pk": 6, "fields": {"club": 9, "matches_played": 26, "wins": 15, "draws": 6, "losses": 5, "goals_scored": 50, "goals_against": 30, "goal_difference": 20, "points": 51}},
  {"model": "league.clubseasonstat", "pk": 7, "fields": {"club": 12, "matches_played": 26, "wins": 14, "draws": 4, "losses": 8, "goals_scored": 55, "goals_against": 40, "goal_difference": 15, "points": 46}},
  {"model": "league.clubseasonstat", "pk": 8, "fields": {"club": 5, "matches_played": 26, "wins": 12, "draws": 5, "losses": 9, "goals_scored": 48, "goals_against": 45, "goal_difference": 3, "points": 41}},
  {"model": "league.clubseasonstat", "pk": 9, "fields": {"club": 11, "matches_played": 26, "wins": 10, "draws": 6, "losses": 10, "goals_scored": 40, "goals_against": 40, "goal_difference": 0, "points": 36}},
  {"model": "league.clubseasonstat", "pk": 10, "fields": {"club": 8, "matches_played": 26, "wins": 9, "draws": 5, "losses": 12, "goals_scored": 38, "goals_against": 48, "goal_difference": -10, "points": 32}},
  {"model": "league.clubseasonstat", "pk": 11, "fields": {"club": 10, "matches_played": 26, "wins": 8, "draws": 4, "losses": 14, "goals_scored": 35, "goals_against": 50, "goal_difference": -15, "points": 28}},
  {"model": "league.clubseasonstat", "pk": 12, "fields": {"club": 13, "matches_played": 26, "wins": 6, "draws": 3, "losses": 17, "goals_scored": 30, "goals_against": 60, "goal_difference": -30, "points": 21}},
  {"model": "league.clubseasonstat", "pk": 13, "fields": {"club": 14, "matches_played": 26, "wins": 4, "draws": 2, "losses": 20, "goals_scored": 25, "goals_against": 70, "goal_difference": -45, "points": 14}},
  {"model": "league.clubseasonstat", "pk": 14, "fields": {"club": 7, "matches_played": 26, "wins": 3, "draws": 2, "losses": 21, "goals_scored": 20, "goals_against": 65, "goal_difference": -45, "points": 11}},

  {"model": "league.match", "pk": 1, "fields": {"home_club": 1, "away_club": 5, "match_date": "2025-05-15", "home_score": 3, "away_score": 1}},
  {"model": "league.match", "pk": 2, "fields": {"home_club": 3, "away_club": 11, "match_date": "2025-05-15", "home_score": 2, "away_score": 0}},
  {"model": "league.match", "pk": 3, "fields": {"home_club": 2, "away_club": 12, "match_date": "2025-05-16", "home_score": 2, "away_score": 1}},
  {"model": "league.match", "pk": 4, "fields": {"home_club": 6, "away_club": 4, "match_date": "2025-05-16", "home_score": 1, "away_score": 0}},
  {"model": "league.match", "pk": 5, "fields": {"home_club": 1, "away_club": 6, "match_date": "2025-05-24", "home_score": 2, "away_score": 1}},
  {"model": "league.match", "pk": 6, "fields": {"home_club": 3, "away_club": 2, "match_date": "2025-05-25", "home_score": 3, "away_score": 2}},
  {"model": "league.match", "pk": 7, "fields": {"home_club": 1, "away_club": 3, "match_date": "2025-06-01", "home_score": 2, "away_score": 1}},

  {"model": "league.player", "pk": 1, "fields": {"club": 1, "player_name": "Uğurcan Çakır", "date_of_birth": "1996-04-05", "nationality": "TR", "position": "GK", "market_value": 15000000}},
  {"model": "league.player", "pk": 2, "fields": {"club": 1, "player_name": "Abdülkerim Bardakcı", "date_of_birth": "1994-09-07", "nationality": "TR", "position": "CB", "market_value": 7000000}},
  {"model": "league.player", "pk": 3, "fields": {"club": 1, "player_name": "Ismail Jakobs", "date_of_birth": "1999-08-17", "nationality": "SN", "position": "LB", "market_value": 7000000}},
  {"model": "league.player", "pk": 4, "fields": {"club": 1, "player_name": "Eren Elmalı", "date_of_birth": "2000-07-07", "nationality": "TR", "position": "LB", "market_value": 6000000}},
  {"model": "league.player", "pk": 5, "fields": {"club": 1, "player_name": "Wilfried Singo", "date_of_birth": "2000-12-25", "nationality": "CI", "position": "RB", "market_value": 28000000}},
  {"model": "league.player", "pk": 6, "fields": {"club": 1, "player_name": "Roland Sallai", "date_of_birth": "1997-05-22", "nationality": "HU", "position": "RB", "market_value": 10000000}},
  {"model": "league.player", "pk": 7, "fields": {"club": 1, "player_name": "Lucas Torreira", "date_of_birth": "1996-02-11", "nationality": "UY", "position": "DM", "market_value": 13000000}},
  {"model": "league.player", "pk": 8, "fields": {"club": 1, "player_name": "Mario Lemina", "date_of_birth": "1993-09-01", "nationality": "GA", "position": "DM", "market_value": 7000000}},
  {"model": "league.player", "pk": 9, "fields": {"club": 1, "player_name": "İlkay Gündoğan", "date_of_birth": "1990-10-24", "nationality": "DE", "position": "CM", "market_value": 4000000}},
  {"model": "league.player", "pk": 10, "fields": {"club": 1, "player_name": "Barış Alper Yılmaz", "date_of_birth": "2000-05-23", "nationality": "TR", "position": "LW", "market_value": 25000000}},
  {"model": "league.player", "pk": 11, "fields": {"club": 1, "player_name": "Leroy Sané", "date_of_birth": "1996-01-11", "nationality": "DE", "position": "RW", "market_value": 25000000}},
  {"model": "league.player", "pk": 12, "fields": {"club": 2, "player_name": "Marc-André ter Stegen", "date_of_birth": "1992-04-30", "nationality": "DE", "position": "GK", "market_value": 8000000}},
  {"model": "league.player", "pk": 13, "fields": {"club": 2, "player_name": "Wojciech Szczesny", "date_of_birth": "1990-04-18", "nationality": "PL", "position": "GK", "market_value": 1000000}},
  {"model": "league.player", "pk": 14, "fields": {"club": 2, "player_name": "Pau Cubarsí", "date_of_birth": "2007-01-22", "nationality": "ES", "position": "CB", "market_value": 80000000}},
  {"model": "league.player", "pk": 15, "fields": {"club": 2, "player_name": "Alejandro Balde", "date_of_birth": "2003-10-18", "nationality": "ES", "position": "LB", "market_value": 60000000}},
  {"model": "league.player", "pk": 16, "fields": {"club": 2, "player_name": "Jules Koundé", "date_of_birth": "1998-11-12", "nationality": "FR", "position": "RB", "market_value": 65000000}},
  {"model": "league.player", "pk": 17, "fields": {"club": 2, "player_name": "Frenkie de Jong", "date_of_birth": "1997-05-12", "nationality": "NL", "position": "CM", "market_value": 45000000}},
  {"model": "league.player", "pk": 18, "fields": {"club": 2, "player_name": "Gavi", "date_of_birth": "2004-08-05", "nationality": "ES", "position": "CM", "market_value": 40000000}},
  {"model": "league.player", "pk": 19, "fields": {"club": 2, "player_name": "Fermín López", "date_of_birth": "2003-05-11", "nationality": "ES", "position": "AM", "market_value": 60000000}},
  {"model": "league.player", "pk": 20, "fields": {"club": 2, "player_name": "Dani Olmo", "date_of_birth": "1998-05-07", "nationality": "ES", "position": "AM", "market_value": 60000000}},
  {"model": "league.player", "pk": 21, "fields": {"club": 2, "player_name": "Raphinha", "date_of_birth": "1996-12-14", "nationality": "BR", "position": "LW", "market_value": 90000000}},
  {"model": "league.player", "pk": 22, "fields": {"club": 2, "player_name": "Marcus Rashford", "date_of_birth": "1997-10-31", "nationality": "GB", "position": "LW", "market_value": 40000000}},
  {"model": "league.player", "pk": 23, "fields": {"club": 2, "player_name": "Ferran Torres", "date_of_birth": "2000-02-29", "nationality": "ES", "position": "CF", "market_value": 50000000}},
  {"model": "league.player", "pk": 24, "fields": {"club": 2, "player_name": "Lamine Yamal", "date_of_birth": "2007-07-13", "nationality": "ES", "position": "RW", "market_value": 200000000}},
  {"model": "league.player", "pk": 25, "fields": {"club": 2, "player_name": "Robert Lewandowski", "date_of_birth": "1988-08-21", "nationality": "PL", "position": "CF", "market_value": 9000000}},
  {"model": "league.player", "pk": 26, "fields": {"club": 3, "player_name": "Thibaut Courtois", "date_of_birth": "1992-05-11", "nationality": "BE", "position": "GK", "market_value": 18000000}},
  {"model": "league.player", "pk": 27, "fields": {"club": 3, "player_name": "Andriy Lunin", "date_of_birth": "1999-02-11", "nationality": "UA", "position": "GK", "market_value": 18000000}},
  {"model": "league.player", "pk": 28, "fields": {"club": 3, "player_name": "Dean Huijsen", "date_of_birth": "2005-04-14", "nationality": "ES", "position": "CB", "market_value": 70000000}},
  {"model": "league.player", "pk": 29, "fields": {"club": 3, "player_name": "Éder Militão", "date_of_birth": "1998-01-18", "nationality": "BR", "position": "CB", "market_value": 30000000}},
  {"model": "league.player", "pk": 30, "fields": {"club": 3, "player_name": "Antonio Rüdiger", "date_of_birth": "1993-03-03", "nationality": "DE", "position": "CB", "market_value": 12000000}},
  {"model": "league.player", "pk": 31, "fields": {"club": 3, "player_name": "David Alaba", "date_of_birth": "1992-06-24", "nationality": "AT", "position": "CB", "market_value": 4000000}},
  {"model": "league.player", "pk": 32, "fields": {"club": 3, "player_name": "Fran García", "date_of_birth": "1999-08-14", "nationality": "ES", "position": "LB", "market_value": 15000000}},
  {"model": "league.player", "pk": 33, "fields": {"club": 3, "player_name": "Daniel Carvajal", "date_of_birth": "1992-01-11", "nationality": "ES", "position": "RB", "market_value": 7000000}},
  {"model": "league.player", "pk": 34, "fields": {"club": 3, "player_name": "Aurélien Tchouaméni", "date_of_birth": "2000-01-27", "nationality": "FR", "position": "DM", "market_value": 75000000}},
  {"model": "league.player", "pk": 35, "fields": {"club": 3, "player_name": "Federico Valverde", "date_of_birth": "1998-07-22", "nationality": "UY", "position": "CM", "market_value": 120000000}},
  {"model": "league.player", "pk": 36, "fields": {"club": 3, "player_name": "Jude Bellingham", "date_of_birth": "2003-06-29", "nationality": "GB", "position": "AM", "market_value": 160000000}},
  {"model": "league.player", "pk": 37, "fields": {"club": 3, "player_name": "Arda Güler", "date_of_birth": "2005-02-25", "nationality": "TR", "position": "AM", "market_value": 90000000}},
  {"model": "league.player", "pk": 38, "fields": {"club": 3, "player_name": "Vinicius Junior", "date_of_birth": "2000-07-12", "nationality": "BR", "position": "LW", "market_value": 150000000}},
  {"model": "league.player", "pk": 39, "fields": {"club": 3, "player_name": "Kylian Mbappé", "date_of_birth": "1998-12-20", "nationality": "FR", "position": "CF", "market_value": 200000000}},
  {"model": "league.player", "pk": 40, "fields": {"club": 4, "player_name": "Manuel Neuer", "date_of_birth": "1986-03-27", "nationality": "DE", "position": "GK", "market_value": 4000000}},
  {"model": "league.player", "pk": 41, "fields": {"club": 4, "player_name": "Min-jae Kim", "date_of_birth": "1996-11-15", "nationality": "KR", "position": "CB", "market_value": 32000000}},
  {"model": "league.player", "pk": 42, "fields": {"club": 4, "player_name": "Alphonso Davies", "date_of_birth": "2000-11-02", "nationality": "CA", "position": "LB", "market_value": 50000000}},
  {"model": "league.player", "pk": 43, "fields": {"club": 4, "player_name": "Sacha Boey", "date_of_birth": "2000-09-13", "nationality": "FR", "position": "RB", "market_value": 18000000}},
  {"model": "league.player", "pk": 44, "fields": {"club": 4, "player_name": "Aleksandar Pavlovic", "date_of_birth": "2004-05-03", "nationality": "DE", "position": "DM", "market_value": 55000000}},
  {"model": "league.player", "pk": 45, "fields": {"club": 4, "player_name": "Leon Goretzka", "date_of_birth": "1995-02-06", "nationality": "DE", "position": "CM", "market_value": 22000000}},
  {"model": "league.player", "pk": 46, "fields": {"club": 4, "player_name": "Jamal Musiala", "date_of_birth": "2003-02-26", "nationality": "DE", "position": "AM", "market_value": 140000000}},
  {"model": "league.player", "pk": 47, "fields": {"club": 4, "player_name": "Michael Olise", "date_of_birth": "2001-12-12", "nationality": "FR", "position": "RW", "market_value": 130000000}},
  {"model": "league.player", "pk": 48, "fields": {"club": 4, "player_name": "Serge Gnabry", "date_of_birth": "1995-07-14", "nationality": "DE", "position": "CF", "market_value": 22000000}},
  {"model": "league.player", "pk": 49, "fields": {"club": 4, "player_name": "Joshua Kimmich", "date_of_birth": "1995-02-08", "nationality": "DE", "position": "DM", "market_value": 45000000}},
  {"model": "league.player", "pk": 50, "fields": {"club": 4, "player_name": "Harry Kane", "date_of_birth": "1993-07-28", "nationality": "GB", "position": "CF", "market_value": 75000000}},
  {"model": "league.player", "pk": 51, "fields": {"club": 5, "player_name": "Gregor Kobel", "date_of_birth": "1997-12-06", "nationality": "CH", "position": "GK", "market_value": 40000000}},
  {"model": "league.player", "pk": 52, "fields": {"club": 5, "player_name": "Nico Schlotterbeck", "date_of_birth": "1999-12-01", "nationality": "DE", "position": "CB", "market_value": 40000000}},
  {"model": "league.player", "pk": 53, "fields": {"club": 5, "player_name": "Waldemar Anton", "date_of_birth": "1996-07-20", "nationality": "DE", "position": "CB", "market_value": 18000000}},
  {"model": "league.player", "pk": 54, "fields": {"club": 5, "player_name": "Aarón Anselmino", "date_of_birth": "2005-04-29", "nationality": "AR", "position": "CB", "market_value": 8000000}},
  {"model": "league.player", "pk": 55, "fields": {"club": 5, "player_name": "Emre Can", "date_of_birth": "1994-01-12", "nationality": "DE", "position": "CB", "market_value": 7000000}},
  {"model": "league.player", "pk": 56, "fields": {"club": 5, "player_name": "Daniel Svensson", "date_of_birth": "2002-02-12", "nationality": "DE", "position": "LB", "market_value": 22000000}},
  {"model": "league.player", "pk": 57, "fields": {"club": 5, "player_name": "Salih Özcan", "date_of_birth": "1998-01-11", "nationality": "TR", "position": "DM", "market_value": 4000000}},
  {"model": "league.player", "pk": 58, "fields": {"club": 5, "player_name": "Jobe Bellingham", "date_of_birth": "2005-09-23", "nationality": "GB", "position": "CM", "market_value": 30000000}},
  {"model": "league.player", "pk": 59, "fields": {"club": 5, "player_name": "Carney Chukwuemeka", "date_of_birth": "2003-10-20", "nationality": "GB", "position": "CM", "market_value": 20000000}},
  {"model": "league.player", "pk": 60, "fields": {"club": 5, "player_name": "Pascal Groß", "date_of_birth": "1991-06-15", "nationality": "DE", "position": "CM", "market_value": 5000000}},
  {"model": "league.player", "pk": 61, "fields": {"club": 5, "player_name": "Julian Brandt", "date_of_birth": "1996-05-02", "nationality": "DE", "position": "AM", "market_value": 25000000}},
  {"model": "league.player", "pk": 62, "fields": {"club": 5, "player_name": "Karim Adeyemi", "date_of_birth": "2002-01-18", "nationality": "DE", "position": "RW", "market_value": 60000000}},
  {"model": "league.player", "pk": 63, "fields": {"club": 5, "player_name": "Serhou Guirassy", "date_of_birth": "1996-03-12", "nationality": "GN", "position": "CF", "market_value": 45000000}},
  {"model": "league.player", "pk": 64, "fields": {"club": 6, "player_name": "Alisson Becker", "date_of_birth": "1992-10-02", "nationality": "BR", "position": "GK", "market_value": 28000000}},
  {"model": "league.player", "pk": 65, "fields": {"club": 6, "player_name": "Ibrahima Konaté", "date_of_birth": "1999-05-25", "nationality": "FR", "position": "CB", "market_value": 45000000}},
  {"model": "league.player", "pk": 66, "fields": {"club": 6, "player_name": "Trent Alexander-Arnold", "date_of_birth": "1998-10-07", "nationality": "GB", "position": "RB", "market_value": 70000000}},
  {"model": "league.player", "pk": 67, "fields": {"club": 6, "player_name": "Andrew Robertson", "date_of_birth": "1994-03-11", "nationality": "GB", "position": "LB", "market_value": 30000000}},
  {"model": "league.player", "pk": 68, "fields": {"club": 6, "player_name": "Ryan Gravenberch", "date_of_birth": "2002-05-16", "nationality": "NL", "position": "CM", "market_value": 40000000}},
  {"model": "league.player", "pk": 69, "fields": {"club": 6, "player_name": "Dominik Szoboszlai", "date_of_birth": "2000-10-25", "nationality": "HU", "position": "CAM", "market_value": 75000000}},
  {"model": "league.player", "pk": 70, "fields": {"club": 6, "player_name": "Luis Díaz", "date_of_birth": "1997-01-13", "nationality": "CO", "position": "LW", "market_value": 80000000}},
  {"model": "league.player", "pk": 71, "fields": {"club": 6, "player_name": "Cody Gakpo", "date_of_birth": "1999-05-07", "nationality": "NL", "position": "LW", "market_value": 55000000}},
  {"model": "league.player", "pk": 72, "fields": {"club": 6, "player_name": "Diogo Jota", "date_of_birth": "1996-12-04", "nationality": "PT", "position": "ST", "market_value": 50000000}},
  {"model": "league.player", "pk": 73, "fields": {"club": 6, "player_name": "Curtis Jones", "date_of_birth": "2001-01-30", "nationality": "GB", "position": "CM", "market_value": 35000000}},
  {"model": "league.player", "pk": 74, "fields": {"club": 6, "player_name": "Harvey Elliott", "date_of_birth": "2003-04-04", "nationality": "GB", "position": "CAM", "market_value": 35000000}},
  {"model": "league.player", "pk": 75, "fields": {"club": 7, "player_name": "André Onana", "date_of_birth": "1996-04-02", "nationality": "CM", "position": "GK", "market_value": 35000000}},
  {"model": "league.player", "pk": 76, "fields": {"club": 7, "player_name": "Matthijs de Ligt", "date_of_birth": "1999-08-12", "nationality": "NL", "position": "CB", "market_value": 55000000}},
  {"model": "league.player", "pk": 77, "fields": {"club": 7, "player_name": "Lisandro Martínez", "date_of_birth": "1998-01-18", "nationality": "AR", "position": "CB", "market_value": 50000000}},
  {"model": "league.player", "pk": 78, "fields": {"club": 7, "player_name": "Diogo Dalot", "date_of_birth": "1999-03-18", "nationality": "PT", "position": "RB", "market_value": 40000000}},
  {"model": "league.player", "pk": 79, "fields": {"club": 7, "player_name": "Manuel Ugarte", "date_of_birth": "2001-04-11", "nationality": "UY", "position": "DM", "market_value": 50000000}},
  {"model": "league.player", "pk": 80, "fields": {"club": 7, "player_name": "Rasmus Højlund", "date_of_birth": "2003-02-04", "nationality": "DK", "position": "ST", "market_value": 65000000}},
  {"model": "league.player", "pk": 81, "fields": {"club": 7, "player_name": "Joshua Zirkzee", "date_of_birth": "2001-05-22", "nationality": "NL", "position": "ST", "market_value": 50000000}},
  {"model": "league.player", "pk": 82, "fields": {"club": 7, "player_name": "Amad Diallo", "date_of_birth": "2002-07-11", "nationality": "CI", "position": "RW", "market_value": 22000000}},
  {"model": "league.player", "pk": 83, "fields": {"club": 7, "player_name": "Leny Yoro", "date_of_birth": "2005-11-13", "nationality": "FR", "position": "CB", "market_value": 55000000}},
  {"model": "league.player", "pk": 84, "fields": {"club": 7, "player_name": "Mason Mount", "date_of_birth": "1999-01-10", "nationality": "GB", "position": "CAM", "market_value": 35000000}},
  {"model": "league.player", "pk": 85, "fields": {"club": 7, "player_name": "Harry Maguire", "date_of_birth": "1993-03-05", "nationality": "GB", "position": "CB", "market_value": 18000000}},
  {"model": "league.player", "pk": 86, "fields": {"club": 8, "player_name": "Cole Palmer", "date_of_birth": "2002-05-06", "nationality": "GB", "position": "CAM", "market_value": 90000000}},
  {"model": "league.player", "pk": 87, "fields": {"club": 8, "player_name": "Enzo Fernández", "date_of_birth": "2001-01-17", "nationality": "AR", "position": "CM", "market_value": 75000000}},
  {"model": "league.player", "pk": 88, "fields": {"club": 8, "player_name": "Moisés Caicedo", "date_of_birth": "2001-11-02", "nationality": "EC", "position": "DM", "market_value": 75000000}},
  {"model": "league.player", "pk": 89, "fields": {"club": 8, "player_name": "Christopher Nkunku", "date_of_birth": "1997-11-14", "nationality": "FR", "position": "CAM", "market_value": 65000000}},
  {"model": "league.player", "pk": 90, "fields": {"club": 8, "player_name": "Levi Colwill", "date_of_birth": "2003-02-26", "nationality": "GB", "position": "CB", "market_value": 50000000}},
  {"model": "league.player", "pk": 91, "fields": {"club": 8, "player_name": "Nicolas Jackson", "date_of_birth": "2001-06-20", "nationality": "SN", "position": "ST", "market_value": 40000000}},
  {"model": "league.player", "pk": 92, "fields": {"club": 8, "player_name": "Pedro Neto", "date_of_birth": "2000-03-09", "nationality": "PT", "position": "RW", "market_value": 55000000}},
  {"model": "league.player", "pk": 93, "fields": {"club": 8, "player_name": "Robert Sánchez", "date_of_birth": "1997-11-18", "nationality": "ES", "position": "GK", "market_value": 20000000}},
  {"model": "league.player", "pk": 94, "fields": {"club": 8, "player_name": "Reece James", "date_of_birth": "1999-12-08", "nationality": "GB", "position": "RB", "market_value": 35000000}},
  {"model": "league.player", "pk": 95, "fields": {"club": 8, "player_name": "Marc Cucurella", "date_of_birth": "1998-07-22", "nationality": "ES", "position": "LB", "market_value": 30000000}},
  {"model": "league.player", "pk": 96, "fields": {"club": 8, "player_name": "Wesley Fofana", "date_of_birth": "2000-12-17", "nationality": "FR", "position": "CB", "market_value": 25000000}},
  {"model": "league.player", "pk": 97, "fields": {"club": 8, "player_name": "Malo Gusto", "date_of_birth": "2003-05-19", "nationality": "FR", "position": "RB", "market_value": 35000000}},
  {"model": "league.player", "pk": 98, "fields": {"club": 8, "player_name": "Noni Madueke", "date_of_birth": "2002-03-10", "nationality": "GB", "position": "RW", "market_value": 35000000}},
  {"model": "league.player", "pk": 99, "fields": {"club": 8, "player_name": "Romeo Lavia", "date_of_birth": "2004-01-06", "nationality": "BE", "position": "DM", "market_value": 35000000}},
  {"model": "league.player", "pk": 100, "fields": {"club": 8, "player_name": "Joao Felix", "date_of_birth": "1999-11-10", "nationality": "PT", "position": "ST", "market_value": 30000000}},
  {"model": "league.player", "pk": 101, "fields": {"club": 9, "player_name": "Alessandro Bastoni", "date_of_birth": "1999-04-13", "nationality": "IT", "position": "CB", "market_value": 70000000}},
  {"model": "league.player", "pk": 102, "fields": {"club": 9, "player_name": "Marcus Thuram", "date_of_birth": "1997-08-06", "nationality": "FR", "position": "ST", "market_value": 65000000}},
  {"model": "league.player", "pk": 103, "fields": {"club": 9, "player_name": "Federico Dimarco", "date_of_birth": "1997-11-10", "nationality": "IT", "position": "LB", "market_value": 50000000}},
  {"model": "league.player", "pk": 104, "fields": {"club": 9, "player_name": "Benjamin Pavard", "date_of_birth": "1996-03-28", "nationality": "FR", "position": "CB", "market_value": 45000000}},
  {"model": "league.player", "pk": 105, "fields": {"club": 9, "player_name": "Davide Frattesi", "date_of_birth": "1999-09-22", "nationality": "IT", "position": "CM", "market_value": 35000000}},
  {"model": "league.player", "pk": 106, "fields": {"club": 9, "player_name": "Yann Sommer", "date_of_birth": "1988-12-17", "nationality": "CH", "position": "GK", "market_value": 5000000}},
  {"model": "league.player", "pk": 107, "fields": {"club": 9, "player_name": "Denzel Dumfries", "date_of_birth": "1996-04-18", "nationality": "NL", "position": "RB", "market_value": 30000000}},
  {"model": "league.player", "pk": 108, "fields": {"club": 9, "player_name": "Piotr Zielinski", "date_of_birth": "1994-05-20", "nationality": "PL", "position": "CM", "market_value": 22000000}},
  {"model": "league.player", "pk": 109, "fields": {"club": 9, "player_name": "Mehdi Taremi", "date_of_birth": "1992-07-18", "nationality": "IR", "position": "ST", "market_value": 10000000}},
  {"model": "league.player", "pk": 110, "fields": {"club": 9, "player_name": "Stefan de Vrij", "date_of_birth": "1992-02-05", "nationality": "NL", "position": "CB", "market_value": 7000000}},
  {"model": "league.player", "pk": 111, "fields": {"club": 9, "player_name": "Matteo Darmian", "date_of_birth": "1989-12-02", "nationality": "IT", "position": "RB", "market_value": 4000000}},
  {"model": "league.player", "pk": 112, "fields": {"club": 9, "player_name": "Francesco Acerbi", "date_of_birth": "1988-02-10", "nationality": "IT", "position": "CB", "market_value": 3500000}},
  {"model": "league.player", "pk": 113, "fields": {"club": 10, "player_name": "Mike Maignan", "date_of_birth": "1995-07-03", "nationality": "FR", "position": "GK", "market_value": 38000000}},
  {"model": "league.player", "pk": 114, "fields": {"club": 10, "player_name": "Fikayo Tomori", "date_of_birth": "1997-12-19", "nationality": "GB", "position": "CB", "market_value": 40000000}},
  {"model": "league.player", "pk": 115, "fields": {"club": 10, "player_name": "Tijjani Reijnders", "date_of_birth": "1998-07-29", "nationality": "NL", "position": "CM", "market_value": 30000000}},
  {"model": "league.player", "pk": 116, "fields": {"club": 10, "player_name": "Ruben Loftus-Cheek", "date_of_birth": "1996-01-23", "nationality": "GB", "position": "CM", "market_value": 25000000}},
  {"model": "league.player", "pk": 117, "fields": {"club": 10, "player_name": "Samuel Chukwueze", "date_of_birth": "1999-05-22", "nationality": "NG", "position": "RW", "market_value": 20000000}},
  {"model": "league.player", "pk": 118, "fields": {"club": 10, "player_name": "Alvaro Morata", "date_of_birth": "1992-10-23", "nationality": "ES", "position": "ST", "market_value": 16000000}},
  {"model": "league.player", "pk": 119, "fields": {"club": 10, "player_name": "Youssouf Fofana", "date_of_birth": "1999-01-10", "nationality": "FR", "position": "DM", "market_value": 30000000}},
  {"model": "league.player", "pk": 120, "fields": {"club": 10, "player_name": "Malick Thiaw", "date_of_birth": "2001-08-08", "nationality": "DE", "position": "CB", "market_value": 20000000}},
  {"model": "league.player", "pk": 121, "fields": {"club": 10, "player_name": "Strahinja Pavlovic", "date_of_birth": "2001-05-24", "nationality": "RS", "position": "CB", "market_value": 25000000}},
  {"model": "league.player", "pk": 122, "fields": {"club": 10, "player_name": "Davide Calabria", "date_of_birth": "1996-12-06", "nationality": "IT", "position": "RB", "market_value": 10000000}},
  {"model": "league.player", "pk": 123, "fields": {"club": 10, "player_name": "Noah Okafor", "date_of_birth": "2000-05-24", "nationality": "CH", "position": "ST", "market_value": 20000000}},
  {"model": "league.player", "pk": 124, "fields": {"club": 10, "player_name": "Tammy Abraham", "date_of_birth": "1997-10-02", "nationality": "GB", "position": "ST", "market_value": 20000000}},
  {"model": "league.player", "pk": 125, "fields": {"club": 11, "player_name": "Khvicha Kvaratskhelia", "date_of_birth": "2001-02-12", "nationality": "GE", "position": "LW", "market_value": 80000000}},
  {"model": "league.player", "pk": 126, "fields": {"club": 11, "player_name": "Alessandro Buongiorno", "date_of_birth": "1999-06-06", "nationality": "IT", "position": "CB", "market_value": 35000000}},
  {"model": "league.player", "pk": 127, "fields": {"club": 11, "player_name": "Romelu Lukaku", "date_of_birth": "1993-05-13", "nationality": "BE", "position": "ST", "market_value": 30000000}},
  {"model": "league.player", "pk": 128, "fields": {"club": 11, "player_name": "Scott McTominay", "date_of_birth": "1996-12-08", "nationality": "GB", "position": "CM", "market_value": 32000000}},
  {"model": "league.player", "pk": 129, "fields": {"club": 11, "player_name": "Billy Gilmour", "date_of_birth": "2001-06-11", "nationality": "GB", "position": "CM", "market_value": 18000000}},
  {"model": "league.player", "pk": 130, "fields": {"club": 11, "player_name": "Giovanni Di Lorenzo", "date_of_birth": "1993-08-04", "nationality": "IT", "position": "RB", "market_value": 15000000}},
  {"model": "league.player", "pk": 131, "fields": {"club": 11, "player_name": "Stanislav Lobotka", "date_of_birth": "1994-11-25", "nationality": "SK", "position": "DM", "market_value": 28000000}},
  {"model": "league.player", "pk": 132, "fields": {"club": 11, "player_name": "Frank Anguissa", "date_of_birth": "1995-11-16", "nationality": "CM", "position": "CM", "market_value": 27000000}},
  {"model": "league.player", "pk": 133, "fields": {"club": 11, "player_name": "Alex Meret", "date_of_birth": "1997-03-22", "nationality": "IT", "position": "GK", "market_value": 12000000}},
  {"model": "league.player", "pk": 134, "fields": {"club": 11, "player_name": "Mathías Olivera", "date_of_birth": "1997-10-31", "nationality": "UY", "position": "LB", "market_value": 15000000}},
  {"model": "league.player", "pk": 135, "fields": {"club": 11, "player_name": "Giacomo Raspadori", "date_of_birth": "2000-02-18", "nationality": "IT", "position": "ST", "market_value": 25000000}},
  {"model": "league.player", "pk": 136, "fields": {"club": 11, "player_name": "Matteo Politano", "date_of_birth": "1993-08-03", "nationality": "IT", "position": "RW", "market_value": 12000000}},
  {"model": "league.player", "pk": 137, "fields": {"club": 11, "player_name": "David Neres", "date_of_birth": "1997-03-03", "nationality": "BR", "position": "RW", "market_value": 25000000}},
  {"model": "league.player", "pk": 138, "fields": {"club": 11, "player_name": "Pasquale Mazzocchi", "date_of_birth": "1995-07-27", "nationality": "IT", "position": "RB", "market_value": 4000000}},
  {"model": "league.player", "pk": 139, "fields": {"club": 11, "player_name": "Leonardo Spinazzola", "date_of_birth": "1993-03-25", "nationality": "IT", "position": "LB", "market_value": 4000000}},
  {"model": "league.player", "pk": 140, "fields": {"club": 12, "player_name": "Gianluigi Donnarumma", "date_of_birth": "1999-02-25", "nationality": "IT", "position": "GK", "market_value": 40000000}},
  {"model": "league.player", "pk": 141, "fields": {"club": 12, "player_name": "Achraf Hakimi", "date_of_birth": "1998-11-04", "nationality": "MA", "position": "RB", "market_value": 60000000}},
  {"model": "league.player", "pk": 142, "fields": {"club": 12, "player_name": "Marquinhos", "date_of_birth": "1994-05-14", "nationality": "BR", "position": "CB", "market_value": 50000000}},
  {"model": "league.player", "pk": 143, "fields": {"club": 12, "player_name": "Nuno Mendes", "date_of_birth": "2002-06-19", "nationality": "PT", "position": "LB", "market_value": 55000000}},
  {"model": "league.player", "pk": 144, "fields": {"club": 12, "player_name": "Vitinha", "date_of_birth": "2000-02-13", "nationality": "PT", "position": "CM", "market_value": 55000000}},
  {"model": "league.player", "pk": 145, "fields": {"club": 12, "player_name": "João Neves", "date_of_birth": "2004-09-27", "nationality": "PT", "position": "CM", "market_value": 60000000}},
  {"model": "league.player", "pk": 146, "fields": {"club": 12, "player_name": "Gonçalo Ramos", "date_of_birth": "2001-06-20", "nationality": "PT", "position": "ST", "market_value": 50000000}},
  {"model": "league.player", "pk": 147, "fields": {"club": 12, "player_name": "Randal Kolo Muani", "date_of_birth": "1998-12-05", "nationality": "FR", "position": "ST", "market_value": 40000000}},
  {"model": "league.player", "pk": 148, "fields": {"club": 12, "player_name": "Fabián Ruiz", "date_of_birth": "1996-04-03", "nationality": "ES", "position": "CM", "market_value": 35000000}},
  {"model": "league.player", "pk": 149, "fields": {"club": 12, "player_name": "Lucas Hernández", "date_of_birth": "1996-02-14", "nationality": "FR", "position": "CB", "market_value": 40000000}},
  {"model": "league.player", "pk": 150, "fields": {"club": 12, "player_name": "Willian Pacho", "date_of_birth": "2001-10-16", "nationality": "EC", "position": "CB", "market_value": 35000000}},
  {"model": "league.player", "pk": 151, "fields": {"club": 12, "player_name": "Milan Skriniar", "date_of_birth": "1995-02-11", "nationality": "SK", "position": "CB", "market_value": 30000000}},
  {"model": "league.player", "pk": 152, "fields": {"club": 13, "player_name": "Diogo Costa", "date_of_birth": "1999-09-19", "nationality": "PT", "position": "GK", "market_value": 45000000}},
  {"model": "league.player", "pk": 153, "fields": {"club": 13, "player_name": "Alan Varela", "date_of_birth": "2001-07-04", "nationality": "AR", "position": "DM", "market_value": 35000000}},
  {"model": "league.player", "pk": 154, "fields": {"club": 13, "player_name": "Nico González", "date_of_birth": "2002-01-03", "nationality": "ES", "position": "CM", "market_value": 25000000}},
  {"model": "league.player", "pk": 155, "fields": {"club": 13, "player_name": "Galeno", "date_of_birth": "1997-10-22", "nationality": "BR", "position": "LW", "market_value": 25000000}},
  {"model": "league.player", "pk": 156, "fields": {"club": 13, "player_name": "Samu Omorodion", "date_of_birth": "2004-05-05", "nationality": "ES", "position": "ST", "market_value": 35000000}},
  {"model": "league.player", "pk": 157, "fields": {"club": 13, "player_name": "Pepê", "date_of_birth": "1997-02-24", "nationality": "BR", "position": "RW", "market_value": 30000000}},
  {"model": "league.player", "pk": 158, "fields": {"club": 13, "player_name": "Vasco Sousa", "date_of_birth": "2003-04-03", "nationality": "PT", "position": "CM", "market_value": 5000000}},
  {"model": "league.player", "pk": 159, "fields": {"club": 13, "player_name": "Otávio", "date_of_birth": "2002-05-04", "nationality": "BR", "position": "CB", "market_value": 10000000}},
  {"model": "league.player", "pk": 160, "fields": {"club": 13, "player_name": "Tiago Djaló", "date_of_birth": "2000-04-09", "nationality": "PT", "position": "CB", "market_value": 12000000}},
  {"model": "league.player", "pk": 161, "fields": {"club": 13, "player_name": "Wendell", "date_of_birth": "1993-07-20", "nationality": "BR", "position": "LB", "market_value": 5000000}},
  {"model": "league.player", "pk": 162, "fields": {"club": 13, "player_name": "Martim Fernandes", "date_of_birth": "2006-01-18", "nationality": "PT", "position": "RB", "market_value": 4000000}},
  {"model": "league.player", "pk": 163, "fields": {"club": 13, "player_name": "Stephen Eustáquio", "date_of_birth": "1996-12-21", "nationality": "CA", "position": "CM", "market_value": 11000000}},
  {"model": "league.player", "pk": 164, "fields": {"club": 13, "player_name": "Iván Jaime", "date_of_birth": "2000-09-26", "nationality": "ES", "position": "CAM", "market_value": 10000000}},
  {"model": "league.player", "pk": 165, "fields": {"club": 13, "player_name": "Danny Namaso", "date_of_birth": "2000-08-28", "nationality": "GB", "position": "ST", "market_value": 5000000}},
  {"model": "league.player", "pk": 166, "fields": {"club": 13, "player_name": "Nehuén Pérez", "date_of_birth": "2000-06-24", "nationality": "AR", "position": "CB", "market_value": 15000000}},
  {"model": "league.player", "pk": 167, "fields": {"club": 14, "player_name": "Johan Bakayoko", "date_of_birth": "2003-04-20", "nationality": "BE", "position": "RW", "market_value": 45000000}},
  {"model": "league.player", "pk": 168, "fields": {"club": 14, "player_name": "Joey Veerman", "date_of_birth": "1998-11-19", "nationality": "NL", "position": "CM", "market_value": 40000000}},
  {"model": "league.player", "pk": 169, "fields": {"club": 14, "player_name": "Jerdy Schouten", "date_of_birth": "1997-01-12", "nationality": "NL", "position": "DM", "market_value": 28000000}},
  {"model": "league.player", "pk": 170, "fields": {"club": 14, "player_name": "Noa Lang", "date_of_birth": "1999-06-17", "nationality": "NL", "position": "LW", "market_value": 18000000}},
  {"model": "league.player", "pk": 171, "fields": {"club": 14, "player_name": "Luuk de Jong", "date_of_birth": "1990-08-27", "nationality": "NL", "position": "ST", "market_value": 3500000}},
  {"model": "league.player", "pk": 172, "fields": {"club": 14, "player_name": "Malik Tillman", "date_of_birth": "2002-05-28", "nationality": "US", "position": "CAM", "market_value": 25000000}},
  {"model": "league.player", "pk": 173, "fields": {"club": 14, "player_name": "Sergiño Dest", "date_of_birth": "2000-11-03", "nationality": "US", "position": "RB", "market_value": 22000000}},
  {"model": "league.player", "pk": 174, "fields": {"club": 14, "player_name": "Olivier Boscagli", "date_of_birth": "1997-11-18", "nationality": "FR", "position": "CB", "market_value": 27000000}},
  {"model": "league.player", "pk": 175, "fields": {"club": 14, "player_name": "Walter Benítez", "date_of_birth": "1993-01-19", "nationality": "AR", "position": "GK", "market_value": 13000000}},
  {"model": "league.player", "pk": 176, "fields": {"club": 14, "player_name": "Ryan Flamingo", "date_of_birth": "2002-12-31", "nationality": "NL", "position": "CB", "market_value": 12000000}},
  {"model": "league.player", "pk": 177, "fields": {"club": 14, "player_name": "Mauro Júnior", "date_of_birth": "1999-05-06", "nationality": "BR", "position": "LB", "market_value": 7000000}},
  {"model": "league.player", "pk": 178, "fields": {"club": 14, "player_name": "Ismael Saibari", "date_of_birth": "2001-01-28", "nationality": "MA", "position": "CM", "market_value": 16000000}},
  {"model": "league.player", "pk": 179, "fields": {"club": 14, "player_name": "Guus Til", "date_of_birth": "1997-12-22", "nationality": "NL", "position": "CAM", "market_value": 12000000}},
  {"model": "league.player", "pk": 180, "fields": {"club": 14, "player_name": "Ricardo Pepi", "date_of_birth": "2003-01-09", "nationality": "US", "position": "ST", "market_value": 12000000}},
  {"model": "league.player", "pk": 181, "fields": {"club": 14, "player_name": "Ivan Perisic", "date_of_birth": "1989-02-02", "nationality": "HR", "position": "LW", "market_value": 2000000}}
]